{
  "Add" : {
    "transaction" : "Add",
    "sampleCount" : 1,
    "errorCount" : 0,
    "errorPct" : 0.0,
    "meanResTime" : 670.0,
    "medianResTime" : 670.0,
    "minResTime" : 670.0,
    "maxResTime" : 670.0,
    "pct1ResTime" : 670.0,
    "pct2ResTime" : 670.0,
    "pct3ResTime" : 670.0,
    "throughput" : 1.492537313432836,
    "receivedKBytesPerSec" : 0.8541277985074627,
    "sentKBytesPerSec" : 0.6325792910447761
  },
  "Divide" : {
    "transaction" : "Divide",
    "sampleCount" : 1,
    "errorCount" : 0,
    "errorPct" : 0.0,
    "meanResTime" : 304.0,
    "medianResTime" : 304.0,
    "minResTime" : 304.0,
    "maxResTime" : 304.0,
    "pct1ResTime" : 304.0,
    "pct2ResTime" : 304.0,
    "pct3ResTime" : 304.0,
    "throughput" : 3.289473684210526,
    "receivedKBytesPerSec" : 1.9177888569078947,
    "sentKBytesPerSec" : 1.4198704769736843
  },
  "Post User" : {
    "transaction" : "Post User",
    "sampleCount" : 2,
    "errorCount" : 0,
    "errorPct" : 0.0,
    "meanResTime" : 2544.0,
    "medianResTime" : 2544.0,
    "minResTime" : 2510.0,
    "maxResTime" : 2578.0,
    "pct1ResTime" : 2578.0,
    "pct2ResTime" : 2578.0,
    "pct3ResTime" : 2578.0,
    "throughput" : 0.7757951900698216,
    "receivedKBytesPerSec" : 0.2931960337470908,
    "sentKBytesPerSec" : 0.2950900649728472
  },
  "Total" : {
    "transaction" : "Total",
    "sampleCount" : 10,
    "errorCount" : 0,
    "errorPct" : 0.0,
    "meanResTime" : 798.5999999999999,
    "medianResTime" : 327.0,
    "minResTime" : 304.0,
    "maxResTime" : 2578.0,
    "pct1ResTime" : 2571.2,
    "pct2ResTime" : 2578.0,
    "pct3ResTime" : 2578.0,
    "throughput" : 3.0349013657056148,
    "receivedKBytesPerSec" : 1.4504694613050075,
    "sentKBytesPerSec" : 0.9759697458270107
  },
  "Multiply" : {
    "transaction" : "Multiply",
    "sampleCount" : 1,
    "errorCount" : 0,
    "errorPct" : 0.0,
    "meanResTime" : 332.0,
    "medianResTime" : 332.0,
    "minResTime" : 332.0,
    "maxResTime" : 332.0,
    "pct1ResTime" : 332.0,
    "pct2ResTime" : 332.0,
    "pct3ResTime" : 332.0,
    "throughput" : 3.0120481927710845,
    "receivedKBytesPerSec" : 1.7825207078313252,
    "sentKBytesPerSec" : 1.3148296310240963
  },
  "Subtract" : {
    "transaction" : "Subtract",
    "sampleCount" : 1,
    "errorCount" : 0,
    "errorPct" : 0.0,
    "meanResTime" : 313.0,
    "medianResTime" : 313.0,
    "minResTime" : 313.0,
    "maxResTime" : 313.0,
    "pct1ResTime" : 313.0,
    "pct2ResTime" : 313.0,
    "pct3ResTime" : 313.0,
    "throughput" : 3.1948881789137378,
    "receivedKBytesPerSec" : 1.8876048322683705,
    "sentKBytesPerSec" : 1.39464357028754
  },
  "Get Login" : {
    "transaction" : "Get Login",
    "sampleCount" : 2,
    "errorCount" : 0,
    "errorPct" : 0.0,
    "meanResTime" : 312.0,
    "medianResTime" : 312.0,
    "minResTime" : 307.0,
    "maxResTime" : 317.0,
    "pct1ResTime" : 317.0,
    "pct2ResTime" : 317.0,
    "pct3ResTime" : 317.0,
    "throughput" : 6.309148264984227,
    "receivedKBytesPerSec" : 2.9697358044164037,
    "sentKBytesPerSec" : 1.244578075709779
  },
  "Get Logout" : {
    "transaction" : "Get Logout",
    "sampleCount" : 2,
    "errorCount" : 0,
    "errorPct" : 0.0,
    "meanResTime" : 327.5,
    "medianResTime" : 327.5,
    "minResTime" : 322.0,
    "maxResTime" : 333.0,
    "pct1ResTime" : 333.0,
    "pct2ResTime" : 333.0,
    "pct3ResTime" : 333.0,
    "throughput" : 5.797101449275362,
    "receivedKBytesPerSec" : 2.156929347826087,
    "sentKBytesPerSec" : 0.9624094202898551
  }
}